<edmx:Edmx
    xmlns:edmx="http://schemas.microsoft.com/ado/2007/06/edmx"
    xmlns:m="http://schemas.microsoft.com/ado/2007/08/dataservices/metadata"
    xmlns:sap="http://www.sap.com/Protocols/SAPData" Version="1.0">
    <edmx:Reference
        xmlns:edmx="http://docs.oasis-open.org/odata/ns/edmx" Uri="./IWFND/CATALOGSERVICE;v=2/Vocabularies(TechnicalName='%2FIWBEP%2FVOC_COMMON',Version='0001',SAP__Origin='LOCAL')/$value">
        <edmx:Include Namespace="com.sap.vocabularies.Common.v1" Alias="Common"/>
    </edmx:Reference>
    <edmx:Reference
        xmlns:edmx="http://docs.oasis-open.org/odata/ns/edmx" Uri="./IWFND/CATALOGSERVICE;v=2/Vocabularies(TechnicalName='%2FIWBEP%2FVOC_CAPABILITIES',Version='0001',SAP__Origin='LOCAL')/$value">
        <edmx:Include Namespace="Org.OData.Capabilities.V1" Alias="Capabilities"/>
    </edmx:Reference>
    <edmx:Reference
        xmlns:edmx="http://docs.oasis-open.org/odata/ns/edmx" Uri="./IWFND/CATALOGSERVICE;v=2/Vocabularies(TechnicalName='%2FIWBEP%2FVOC_COMMUNICATION',Version='0001',SAP__Origin='LOCAL')/$value">
        <edmx:Include Namespace="com.sap.vocabularies.Communication.v1" Alias="Communication"/>
    </edmx:Reference>
    <edmx:Reference
        xmlns:edmx="http://docs.oasis-open.org/odata/ns/edmx" Uri="./IWFND/CATALOGSERVICE;v=2/Vocabularies(TechnicalName='%2FIWBEP%2FVOC_AGGREGATION',Version='0001',SAP__Origin='LOCAL')/$value">
        <edmx:Include Namespace="Org.OData.Aggregation.V1" Alias="Aggregation"/>
    </edmx:Reference>
    <edmx:Reference
        xmlns:edmx="http://docs.oasis-open.org/odata/ns/edmx" Uri="./IWFND/CATALOGSERVICE;v=2/Vocabularies(TechnicalName='%2FIWBEP%2FVOC_PERSONALDATA',Version='0001',SAP__Origin='LOCAL')/$value">
        <edmx:Include Namespace="com.sap.vocabularies.PersonalData.v1" Alias="PersonalData"/>
    </edmx:Reference>
    <edmx:DataServices m:DataServiceVersion="2.0">
        <Schema
            xmlns="http://schemas.microsoft.com/ado/2008/09/edm" Namespace="ZCDS_SNWD_SO_CDS" xml:lang="en" sap:schema-version="1">
            <EntityType Name="ZCDS_DOMAIN_VALUESType" sap:label="Domain Values" sap:content-version="1">
                <Key>
                    <PropertyRef Name="Domname"/>
                </Key>
                <Property Name="Domname" Type="Edm.String" Nullable="false" MaxLength="30" sap:display-format="UpperCase" sap:label="Domain name"/>
                <Property Name="Ddtext" Type="Edm.String" MaxLength="60" sap:label="Short Descript." sap:quickinfo="Short Text for Fixed Values"/>
                <Property Name="DomvalueL" Type="Edm.String" MaxLength="10" sap:display-format="UpperCase" sap:label="Lower Value" sap:quickinfo="Values for Domains: Single Value / Upper Limit"/>
            </EntityType>
            <EntityType Name="ZCDS_EMPLOYEESType" sap:label="Employees" sap:content-version="1">
                <Key>
                    <PropertyRef Name="NodeKey"/>
                </Key>
                <Property Name="NodeKey" Type="Edm.Guid" Nullable="false" sap:label="Node Key" sap:quickinfo="EPM: Generic Node Key"/>
                <Property Name="ParentKey" Type="Edm.Guid" sap:label="Node Key" sap:quickinfo="EPM: Generic Node Key"/>
                <Property Name="EmployeeId" Type="Edm.String" MaxLength="10" sap:display-format="UpperCase" sap:label="Employee ID" sap:quickinfo="EPM: Employee ID"/>
                <Property Name="FirstName" Type="Edm.String" MaxLength="40" sap:label="First Name" sap:quickinfo="EPM: First Name"/>
                <Property Name="MiddleName" Type="Edm.String" MaxLength="40" sap:label="Middle Name" sap:quickinfo="EPM: Middle Name"/>
                <Property Name="LastName" Type="Edm.String" MaxLength="40" sap:label="Last Name" sap:quickinfo="EPM: Last Name"/>
                <Property Name="Initials" Type="Edm.String" MaxLength="10" sap:display-format="UpperCase" sap:label="Initials" sap:quickinfo="EPM: Initials"/>
                <Property Name="Sex" Type="Edm.String" MaxLength="1" sap:display-format="UpperCase" sap:label="Gender" sap:quickinfo="EPM: Gender"/>
                <Property Name="Language" Type="Edm.String" MaxLength="2" sap:label="Language Key"/>
                <Property Name="PhoneNumber" Type="Edm.String" MaxLength="30" sap:label="Phone" sap:quickinfo="EPM: Phone Number"/>
                <Property Name="FaxNumber" Type="Edm.String" MaxLength="30" sap:label="Fax" sap:quickinfo="EPM: Fax Number"/>
                <Property Name="MobileNumber" Type="Edm.String" MaxLength="30" sap:label="Mobile Phone Number" sap:quickinfo="EPM: Mobile Phone Number"/>
                <Property Name="EmailAddress" Type="Edm.String" MaxLength="255" sap:label="Email" sap:quickinfo="EPM: E-Mail Address"/>
                <Property Name="LoginName" Type="Edm.String" MaxLength="12" sap:display-format="UpperCase" sap:label="User Name"/>
                <Property Name="PrAddressGuid" Type="Edm.Guid" sap:label="Node Key" sap:quickinfo="EPM: Generic Node Key"/>
                <Property Name="ValStartDate" Type="Edm.DateTime" Precision="0" sap:display-format="Date" sap:label="Valid From" sap:quickinfo="EPM: Start date of Validity"/>
                <Property Name="ValEndDate" Type="Edm.DateTime" Precision="0" sap:display-format="Date" sap:label="Valid Until" sap:quickinfo="EPM: End date of Validity"/>
                <Property Name="Currency" Type="Edm.String" MaxLength="5" sap:label="Currency Code" sap:quickinfo="EPM: Currency Code" sap:semantics="currency-code"/>
                <Property Name="SalaryAmount" Type="Edm.Decimal" Precision="16" Scale="3" sap:unit="Currency" sap:label="Salary" sap:quickinfo="EPM: Salary"/>
                <Property Name="AccountNumber" Type="Edm.String" MaxLength="10" sap:label="Bank Account No." sap:quickinfo="EPM: Account of a bank"/>
                <Property Name="BankId" Type="Edm.String" MaxLength="10" sap:label="Bank ID" sap:quickinfo="EPM: ID of a bank"/>
                <Property Name="BankName" Type="Edm.String" MaxLength="255" sap:label="Bank Name" sap:quickinfo="EPM: Name of a bank"/>
                <Property Name="EmployeePicUrl" Type="Edm.String" MaxLength="255" sap:label="Pic URI" sap:quickinfo="EPM: URL of Product Image"/>
            </EntityType>
            <EntityType Name="ZCDS_SNWD_Business_PartnersType" sap:label="Business Partners" sap:content-version="1">
                <Key>
                    <PropertyRef Name="NodeKey"/>
                </Key>
                <Property Name="NodeKey" Type="Edm.Guid" Nullable="false" sap:label="Node Key" sap:quickinfo="EPM: Generic Node Key"/>
                <Property Name="BpRole" Type="Edm.String" MaxLength="3" sap:display-format="UpperCase" sap:label="Bus. Part. Role" sap:quickinfo="EPM: Business Partner Role"/>
                <Property Name="EmailAddress" Type="Edm.String" MaxLength="255" sap:label="Email" sap:quickinfo="EPM: E-Mail Address"/>
                <Property Name="PhoneNumber" Type="Edm.String" MaxLength="30" sap:label="Phone" sap:quickinfo="EPM: Phone Number"/>
                <Property Name="FaxNumber" Type="Edm.String" MaxLength="30" sap:label="Fax" sap:quickinfo="EPM: Fax Number"/>
                <Property Name="WebAddress" Type="Edm.String" sap:label="URI" sap:quickinfo="EPM: Web Address"/>
                <Property Name="AddressGuid" Type="Edm.Guid" sap:label="Node Key" sap:quickinfo="EPM: Generic Node Key"/>
                <Property Name="BpId" Type="Edm.String" MaxLength="10" sap:display-format="UpperCase" sap:label="Business Partner ID" sap:quickinfo="EPM: Business Partner ID"/>
                <Property Name="CompanyName" Type="Edm.String" MaxLength="80" sap:label="Company" sap:quickinfo="EPM: Company Name"/>
                <Property Name="LegalForm" Type="Edm.String" MaxLength="10" sap:display-format="UpperCase" sap:label="Legal Form" sap:quickinfo="EPM: Legal Form of Business Partner"/>
                <Property Name="CreatedBy" Type="Edm.Guid" sap:label="Node Key" sap:quickinfo="EPM: Generic Node Key"/>
                <Property Name="CreatedAt" Type="Edm.DateTimeOffset" Precision="7" sap:label="Created At" sap:quickinfo="EPM: Created At"/>
                <Property Name="ChangedBy" Type="Edm.Guid" sap:label="Node Key" sap:quickinfo="EPM: Generic Node Key"/>
                <Property Name="ChangedAt" Type="Edm.DateTimeOffset" Precision="7" sap:label="Changed At" sap:quickinfo="EPM: Changed At"/>
                <Property Name="CurrencyCode" Type="Edm.String" MaxLength="5" sap:label="Currency Code" sap:quickinfo="EPM: Currency Code" sap:semantics="currency-code"/>
                <Property Name="DummyFieldBpa" Type="Edm.String" MaxLength="1"/>
                <Property Name="ApprovalStatus" Type="Edm.String" MaxLength="1" sap:display-format="UpperCase" sap:label="Approval Status" sap:quickinfo="EPM: Business Partner Approval Status"/>
            </EntityType>
            <EntityType Name="ZCDS_SNWD_SOType" sap:label="Sales Order" sap:content-version="1">
                <Key>
                    <PropertyRef Name="NodeKey"/>
                </Key>
                <Property Name="NodeKey" Type="Edm.Guid" Nullable="false" sap:label="Node Key" sap:quickinfo="EPM: Generic Node Key"/>
                <Property Name="SoId" Type="Edm.String" MaxLength="10" sap:display-format="UpperCase" sap:label="Sales Order ID" sap:quickinfo="EPM: Sales Order Number"/>
                <Property Name="CreatedBy" Type="Edm.Guid" sap:label="Node Key" sap:quickinfo="EPM: Generic Node Key"/>
                <Property Name="CreatedAt" Type="Edm.DateTimeOffset" Precision="7" sap:label="Created At" sap:quickinfo="EPM: Created At"/>
                <Property Name="ChangedBy" Type="Edm.Guid" sap:label="Node Key" sap:quickinfo="EPM: Generic Node Key"/>
                <Property Name="ChangedAt" Type="Edm.DateTimeOffset" Precision="7" sap:label="Changed At" sap:quickinfo="EPM: Changed At"/>
                <Property Name="CreatedByBp" Type="Edm.Boolean" sap:display-format="UpperCase" sap:label="Value" sap:quickinfo="EPM: Boolean"/>
                <Property Name="ChangedByBp" Type="Edm.Boolean" sap:display-format="UpperCase" sap:label="Value" sap:quickinfo="EPM: Boolean"/>
                <Property Name="NoteGuid" Type="Edm.Guid" sap:label="Node Key" sap:quickinfo="EPM: Generic Node Key"/>
                <Property Name="BuyerGuid" Type="Edm.Guid" sap:label="Node Key" sap:quickinfo="EPM: Generic Node Key"/>
                <Property Name="CurrencyCode" Type="Edm.String" MaxLength="5" sap:label="Currency Code" sap:quickinfo="EPM: Currency Code" sap:semantics="currency-code"/>
                <Property Name="GrossAmount" Type="Edm.Decimal" Precision="16" Scale="3" sap:unit="CurrencyCode" sap:label="Gross Amount" sap:quickinfo="EPM: Total Gross Amount"/>
                <Property Name="NetAmount" Type="Edm.Decimal" Precision="16" Scale="3" sap:unit="CurrencyCode" sap:label="Net Amount" sap:quickinfo="EPM: Total Net Amount"/>
                <Property Name="TaxAmount" Type="Edm.Decimal" Precision="16" Scale="3" sap:unit="CurrencyCode" sap:label="Tax Amount" sap:quickinfo="EPM: Total Tax Amount"/>
                <Property Name="LifecycleStatus" Type="Edm.String" MaxLength="1" sap:display-format="UpperCase" sap:label="Lifecycle Status" sap:quickinfo="EPM: Sales Order Lifecycle Status"/>
                <Property Name="LifecycleStatusT" Type="Edm.String" MaxLength="60" sap:label="Short Descript." sap:quickinfo="Short Text for Fixed Values"/>
                <Property Name="BillingStatus" Type="Edm.String" MaxLength="1" sap:display-format="UpperCase" sap:label="Confirmation Status" sap:quickinfo="EPM: Sales Order Confirmation Status"/>
                <Property Name="DeliveryStatus" Type="Edm.String" MaxLength="1" sap:display-format="UpperCase" sap:label="Ordering Status" sap:quickinfo="EPM: Sales Order Ordering Status"/>
                <Property Name="OpId" Type="Edm.String" MaxLength="35" sap:label="Opportunity ID" sap:quickinfo="EPM: Opportunity ID for SoD IDoc processing"/>
                <Property Name="Dataaging" Type="Edm.DateTime" Precision="0" sap:display-format="Date" sap:label="" sap:quickinfo="Data Filter Value for Data Aging"/>
                <Property Name="Dummy" Type="Edm.String" MaxLength="1"/>
                <Property Name="OverallStatus" Type="Edm.String" MaxLength="1" sap:display-format="UpperCase" sap:label="Overall Status" sap:quickinfo="EPM: Sales Order Overall Status"/>
                <Property Name="BuyContactGuid" Type="Edm.Guid" sap:label="Node Key" sap:quickinfo="EPM: Generic Node Key"/>
                <Property Name="ShipToAdrGuid" Type="Edm.Guid" sap:label="Node Key" sap:quickinfo="EPM: Generic Node Key"/>
                <Property Name="BillToAdrGuid" Type="Edm.Guid" sap:label="Node Key" sap:quickinfo="EPM: Generic Node Key"/>
                <Property Name="PaymentMethod" Type="Edm.String" MaxLength="1" sap:display-format="UpperCase" sap:label="Payment Method" sap:quickinfo="EPM: Sales Order Payment Method"/>
                <Property Name="PaymentTerms" Type="Edm.String" MaxLength="1" sap:display-format="UpperCase" sap:label="Payment Terms" sap:quickinfo="EPM: Sales Order Payment Terms"/>
                <Property Name="CreatedByEMP" Type="Edm.String" MaxLength="122"/>
                <NavigationProperty Name="to_employees" Relationship="ZCDS_SNWD_SO_CDS.assoc_F5875B9D1939B1B91F7AEA583C55C60E" FromRole="FromRole_assoc_F5875B9D1939B1B91F7AEA583C55C60E" ToRole="ToRole_assoc_F5875B9D1939B1B91F7AEA583C55C60E"/>
                <NavigationProperty Name="to_lifecycle" Relationship="ZCDS_SNWD_SO_CDS.assoc_59BA2B376B5423A4999BCF1B2854756D" FromRole="FromRole_assoc_59BA2B376B5423A4999BCF1B2854756D" ToRole="ToRole_assoc_59BA2B376B5423A4999BCF1B2854756D"/>
                <NavigationProperty Name="to_soBuyer" Relationship="ZCDS_SNWD_SO_CDS.assoc_99B0368B6C9178A2E5B174753F2AA0E5" FromRole="FromRole_assoc_99B0368B6C9178A2E5B174753F2AA0E5" ToRole="ToRole_assoc_99B0368B6C9178A2E5B174753F2AA0E5"/>
                <NavigationProperty Name="to_soItems" Relationship="ZCDS_SNWD_SO_CDS.assoc_E0CBFBD606ABF53857E9D67CF5929C3B" FromRole="FromRole_assoc_E0CBFBD606ABF53857E9D67CF5929C3B" ToRole="ToRole_assoc_E0CBFBD606ABF53857E9D67CF5929C3B"/>
            </EntityType>
            <EntityType Name="ZCDS_SNWD_SO_ITEMType" sap:label="Sales Item" sap:content-version="1">
                <Key>
                    <PropertyRef Name="NodeKey"/>
                </Key>
                <Property Name="NodeKey" Type="Edm.Guid" Nullable="false" sap:label="Node Key" sap:quickinfo="EPM: Generic Node Key"/>
                <Property Name="ParentKey" Type="Edm.Guid" sap:label="Node Key" sap:quickinfo="EPM: Generic Node Key"/>
                <Property Name="SoItemPos" Type="Edm.String" MaxLength="10" sap:display-format="UpperCase" sap:label="Item Position" sap:quickinfo="EPM: Sales Order Item Position"/>
                <Property Name="ProductGuid" Type="Edm.Guid" sap:label="Node Key" sap:quickinfo="EPM: Generic Node Key"/>
                <Property Name="NoteGuid" Type="Edm.Guid" sap:label="Node Key" sap:quickinfo="EPM: Generic Node Key"/>
                <Property Name="CurrencyCode" Type="Edm.String" MaxLength="5" sap:label="Currency Code" sap:quickinfo="EPM: Currency Code" sap:semantics="currency-code"/>
                <Property Name="GrossAmount" Type="Edm.Decimal" Precision="16" Scale="3" sap:unit="CurrencyCode" sap:label="Gross Amount" sap:quickinfo="EPM: Total Gross Amount"/>
                <Property Name="NetAmount" Type="Edm.Decimal" Precision="16" Scale="3" sap:unit="CurrencyCode" sap:label="Net Amount" sap:quickinfo="EPM: Total Net Amount"/>
                <Property Name="TaxAmount" Type="Edm.Decimal" Precision="16" Scale="3" sap:unit="CurrencyCode" sap:label="Tax Amount" sap:quickinfo="EPM: Total Tax Amount"/>
                <Property Name="ItemAtpStatus" Type="Edm.String" MaxLength="1" sap:display-format="UpperCase" sap:label="ATP Status" sap:quickinfo="EPM: Sales Order Item ATP Status"/>
                <Property Name="OpItemPos" Type="Edm.String" MaxLength="10" sap:display-format="UpperCase" sap:label="Item Position" sap:quickinfo="EPM: Sales Order Item Position"/>
                <Property Name="Dataaging" Type="Edm.DateTime" Precision="0" sap:display-format="Date" sap:label="" sap:quickinfo="Data Filter Value for Data Aging"/>
                <Property Name="Dummy" Type="Edm.String" MaxLength="1"/>
            </EntityType>
            <Association Name="assoc_59BA2B376B5423A4999BCF1B2854756D" sap:content-version="1">
                <End Type="ZCDS_SNWD_SO_CDS.ZCDS_SNWD_SOType" Multiplicity="1" Role="FromRole_assoc_59BA2B376B5423A4999BCF1B2854756D"/>
                <End Type="ZCDS_SNWD_SO_CDS.ZCDS_DOMAIN_VALUESType" Multiplicity="1" Role="ToRole_assoc_59BA2B376B5423A4999BCF1B2854756D"/>
            </Association>
            <Association Name="assoc_99B0368B6C9178A2E5B174753F2AA0E5" sap:content-version="1">
                <End Type="ZCDS_SNWD_SO_CDS.ZCDS_SNWD_SOType" Multiplicity="1" Role="FromRole_assoc_99B0368B6C9178A2E5B174753F2AA0E5"/>
                <End Type="ZCDS_SNWD_SO_CDS.ZCDS_SNWD_Business_PartnersType" Multiplicity="*" Role="ToRole_assoc_99B0368B6C9178A2E5B174753F2AA0E5"/>
            </Association>
            <Association Name="assoc_E0CBFBD606ABF53857E9D67CF5929C3B" sap:content-version="1">
                <End Type="ZCDS_SNWD_SO_CDS.ZCDS_SNWD_SOType" Multiplicity="1" Role="FromRole_assoc_E0CBFBD606ABF53857E9D67CF5929C3B"/>
                <End Type="ZCDS_SNWD_SO_CDS.ZCDS_SNWD_SO_ITEMType" Multiplicity="*" Role="ToRole_assoc_E0CBFBD606ABF53857E9D67CF5929C3B"/>
            </Association>
            <Association Name="assoc_F5875B9D1939B1B91F7AEA583C55C60E" sap:content-version="1">
                <End Type="ZCDS_SNWD_SO_CDS.ZCDS_SNWD_SOType" Multiplicity="1" Role="FromRole_assoc_F5875B9D1939B1B91F7AEA583C55C60E"/>
                <End Type="ZCDS_SNWD_SO_CDS.ZCDS_EMPLOYEESType" Multiplicity="1" Role="ToRole_assoc_F5875B9D1939B1B91F7AEA583C55C60E"/>
            </Association>
            <EntityContainer Name="ZCDS_SNWD_SO_CDS_Entities" m:IsDefaultEntityContainer="true" sap:message-scope-supported="true" sap:supported-formats="atom json xlsx">
                <EntitySet Name="ZCDS_DOMAIN_VALUES" EntityType="ZCDS_SNWD_SO_CDS.ZCDS_DOMAIN_VALUESType" sap:creatable="false" sap:updatable="false" sap:deletable="false" sap:content-version="1"/>
                <EntitySet Name="ZCDS_EMPLOYEES" EntityType="ZCDS_SNWD_SO_CDS.ZCDS_EMPLOYEESType" sap:creatable="false" sap:updatable="false" sap:deletable="false" sap:content-version="1"/>
                <EntitySet Name="ZCDS_SNWD_Business_Partners" EntityType="ZCDS_SNWD_SO_CDS.ZCDS_SNWD_Business_PartnersType" sap:creatable="false" sap:updatable="false" sap:deletable="false" sap:content-version="1"/>
                <EntitySet Name="ZCDS_SNWD_SO" EntityType="ZCDS_SNWD_SO_CDS.ZCDS_SNWD_SOType" sap:creatable="false" sap:updatable="false" sap:deletable="false" sap:content-version="1"/>
                <EntitySet Name="ZCDS_SNWD_SO_ITEM" EntityType="ZCDS_SNWD_SO_CDS.ZCDS_SNWD_SO_ITEMType" sap:creatable="false" sap:updatable="false" sap:deletable="false" sap:content-version="1"/>
                <AssociationSet Name="assoc_E0CBFBD606ABF53857E9D67CF5929C3B" Association="ZCDS_SNWD_SO_CDS.assoc_E0CBFBD606ABF53857E9D67CF5929C3B" sap:creatable="false" sap:updatable="false" sap:deletable="false" sap:content-version="1">
                    <End EntitySet="ZCDS_SNWD_SO" Role="FromRole_assoc_E0CBFBD606ABF53857E9D67CF5929C3B"/>
                    <End EntitySet="ZCDS_SNWD_SO_ITEM" Role="ToRole_assoc_E0CBFBD606ABF53857E9D67CF5929C3B"/>
                </AssociationSet>
                <AssociationSet Name="assoc_F5875B9D1939B1B91F7AEA583C55C60E" Association="ZCDS_SNWD_SO_CDS.assoc_F5875B9D1939B1B91F7AEA583C55C60E" sap:creatable="false" sap:updatable="false" sap:deletable="false" sap:content-version="1">
                    <End EntitySet="ZCDS_SNWD_SO" Role="FromRole_assoc_F5875B9D1939B1B91F7AEA583C55C60E"/>
                    <End EntitySet="ZCDS_EMPLOYEES" Role="ToRole_assoc_F5875B9D1939B1B91F7AEA583C55C60E"/>
                </AssociationSet>
                <AssociationSet Name="assoc_59BA2B376B5423A4999BCF1B2854756D" Association="ZCDS_SNWD_SO_CDS.assoc_59BA2B376B5423A4999BCF1B2854756D" sap:creatable="false" sap:updatable="false" sap:deletable="false" sap:content-version="1">
                    <End EntitySet="ZCDS_SNWD_SO" Role="FromRole_assoc_59BA2B376B5423A4999BCF1B2854756D"/>
                    <End EntitySet="ZCDS_DOMAIN_VALUES" Role="ToRole_assoc_59BA2B376B5423A4999BCF1B2854756D"/>
                </AssociationSet>
                <AssociationSet Name="assoc_99B0368B6C9178A2E5B174753F2AA0E5" Association="ZCDS_SNWD_SO_CDS.assoc_99B0368B6C9178A2E5B174753F2AA0E5" sap:creatable="false" sap:updatable="false" sap:deletable="false" sap:content-version="1">
                    <End EntitySet="ZCDS_SNWD_SO" Role="FromRole_assoc_99B0368B6C9178A2E5B174753F2AA0E5"/>
                    <End EntitySet="ZCDS_SNWD_Business_Partners" Role="ToRole_assoc_99B0368B6C9178A2E5B174753F2AA0E5"/>
                </AssociationSet>
            </EntityContainer>
            <Annotations
                xmlns="http://docs.oasis-open.org/odata/ns/edm" Target="ZCDS_SNWD_SO_CDS.ZCDS_SNWD_SO_CDS_Entities">
                <Annotation Term="Aggregation.ApplySupported">
                    <Record>
                        <PropertyValue Property="Transformations">
                            <Collection>
                                <String>aggregate</String>
                                <String>groupby</String>
                                <String>filter</String>
                            </Collection>
                        </PropertyValue>
                        <PropertyValue Property="Rollup" EnumMember="None"/>
                    </Record>
                </Annotation>
            </Annotations>
            <Annotations
                xmlns="http://docs.oasis-open.org/odata/ns/edm" Target="ZCDS_SNWD_SO_CDS.ZCDS_SNWD_SO_CDS_Entities/ZCDS_SNWD_Business_Partners">
                <Annotation Term="Capabilities.FilterRestrictions">
                    <Record>
                        <PropertyValue Property="FilterExpressionRestrictions">
                            <Collection>
                                <Record>
                                    <PropertyValue Property="Property" PropertyPath="WebAddress"/>
                                    <PropertyValue Property="AllowedExpressions" String="SearchExpression"/>
                                </Record>
                            </Collection>
                        </PropertyValue>
                    </Record>
                </Annotation>
                <Annotation Term="Capabilities.SortRestrictions">
                    <Record>
                        <PropertyValue Property="NonSortableProperties">
                            <Collection>
                                <PropertyPath>WebAddress</PropertyPath>
                            </Collection>
                        </PropertyValue>
                    </Record>
                </Annotation>
            </Annotations>
            <atom:link
                xmlns:atom="http://www.w3.org/2005/Atom" rel="self" href="./sap/ZCDS_SNWD_SO_CDS/$metadata"/>
                <atom:link
                    xmlns:atom="http://www.w3.org/2005/Atom" rel="latest-version" href="./sap/ZCDS_SNWD_SO_CDS/$metadata"/>
                </Schema>
            </edmx:DataServices>
        </edmx:Edmx>