<edmx:Edmx
    xmlns:edmx="http://docs.oasis-open.org/odata/ns/edmx" Version="4.0">
    <edmx:Reference Uri="../../catalogservice;v=2/Vocabularies(TechnicalName='%2FIWBEP%2FVOC_COMMON',Version='0001',SAP__Origin='LOCAL')/$value">
        <edmx:Include Namespace="com.sap.vocabularies.Common.v1" Alias="Common"/>
    </edmx:Reference>
    <edmx:Reference Uri="../../catalogservice;v=2/Vocabularies(TechnicalName='%2FIWBEP%2FVOC_UI',Version='0001',SAP__Origin='LOCAL')/$value">
        <edmx:Include Namespace="com.sap.vocabularies.UI.v1" Alias="UI"/>
    </edmx:Reference>
    <edmx:Reference Uri="../../catalogservice;v=2/Vocabularies(TechnicalName='%2FIWBEP%2FVOC_COMMUNICATION',Version='0001',SAP__Origin='LOCAL')/$value">
        <edmx:Include Namespace="com.sap.vocabularies.Communication.v1" Alias="Communication"/>
    </edmx:Reference>
    <edmx:Reference Uri="../../../sap/zcds_snwd_so_cds/$metadata">
        <edmx:Include Namespace="ZCDS_SNWD_SO_CDS" Alias="SAP"/>
    </edmx:Reference>
    <edmx:DataServices>
        <Schema
            xmlns="http://docs.oasis-open.org/odata/ns/edm" Namespace="zcds_snwd_so_cds_van.v1">
            <Annotations Target="ZCDS_SNWD_SO_CDS.ZCDS_SNWD_SOType">
                <Annotation Term="UI.Identification">
                    <Collection>
                        <Record Type="UI.DataField">
                            <PropertyValue Property="Label" String="Sales Order"/>
                            <PropertyValue Property="Value" Path="SoId"/>
                        </Record>
                        <Record Type="UI.DataField">
                            <PropertyValue Property="Label" String="Created By"/>
                            <PropertyValue Property="Value" Path="CreatedByEMP"/>
                        </Record>
                        <Record Type="UI.DataField">
                            <PropertyValue Property="Label" String="Created At"/>
                            <PropertyValue Property="Value" Path="CreatedAt"/>
                        </Record>
                        <Record Type="UI.DataField">
                            <PropertyValue Property="Label" String="Gross Amount"/>
                            <PropertyValue Property="Value" Path="GrossAmount"/>
                        </Record>
                        <Record Type="UI.DataField">
                            <PropertyValue Property="Label" String="Net Amount"/>
                            <PropertyValue Property="Value" Path="NetAmount"/>
                        </Record>
                        <Record Type="UI.DataField">
                            <PropertyValue Property="Label" String="Tax Amount"/>
                            <PropertyValue Property="Value" Path="TaxAmount"/>
                        </Record>
                        <Record Type="UI.DataField">
                            <PropertyValue Property="Label" String="Life Cycle Status"/>
                            <PropertyValue Property="Value" Path="LifecycleStatus"/>
                        </Record>
                        <Record Type="UI.DataField">
                            <PropertyValue Property="Label" String="Billing Status"/>
                            <PropertyValue Property="Value" Path="BillingStatus"/>
                        </Record>
                        <Record Type="UI.DataField">
                            <PropertyValue Property="Label" String="Delivery Status"/>
                            <PropertyValue Property="Value" Path="DeliveryStatus"/>
                        </Record>
                        <Record Type="UI.DataField">
                            <PropertyValue Property="Label" String="Overall Status"/>
                            <PropertyValue Property="Value" Path="OverallStatus"/>
                        </Record>
                    </Collection>
                </Annotation>
                <Annotation Term="UI.LineItem">
                    <Collection>
                        <Record Type="UI.DataField">
                            <PropertyValue Property="Label" String="Sales Order"/>
                            <PropertyValue Property="Value" Path="SoId"/>
                        </Record>
                        <Record Type="UI.DataField">
                            <PropertyValue Property="Label" String="Created By"/>
                            <PropertyValue Property="Value" Path="CreatedByEMP"/>
                        </Record>
                        <Record Type="UI.DataField">
                            <PropertyValue Property="Label" String="Created At"/>
                            <PropertyValue Property="Value" Path="CreatedAt"/>
                        </Record>
                        <Record Type="UI.DataField">
                            <PropertyValue Property="Label" String="Gross Amount"/>
                            <PropertyValue Property="Value" Path="GrossAmount"/>
                        </Record>
                        <Record Type="UI.DataField">
                            <PropertyValue Property="Label" String="Net Amount"/>
                            <PropertyValue Property="Value" Path="NetAmount"/>
                        </Record>
                        <Record Type="UI.DataField">
                            <PropertyValue Property="Label" String="Tax Amount"/>
                            <PropertyValue Property="Value" Path="TaxAmount"/>
                        </Record>
                        <Record Type="UI.DataField">
                            <PropertyValue Property="Label" String="Life Cycle Status"/>
                            <PropertyValue Property="Value" Path="LifecycleStatus"/>
                        </Record>
                        <Record Type="UI.DataField">
                            <PropertyValue Property="Label" String="Billing Status"/>
                            <PropertyValue Property="Value" Path="BillingStatus"/>
                        </Record>
                        <Record Type="UI.DataField">
                            <PropertyValue Property="Label" String="Delivery Status"/>
                            <PropertyValue Property="Value" Path="DeliveryStatus"/>
                        </Record>
                        <Record Type="UI.DataField">
                            <PropertyValue Property="Label" String="Overall Status"/>
                            <PropertyValue Property="Value" Path="OverallStatus"/>
                        </Record>
                    </Collection>
                </Annotation>
                <Annotation Term="UI.SelectionFields">
                    <Collection>
                        <PropertyPath>SoId</PropertyPath>
                        <PropertyPath>LifecycleStatus</PropertyPath>
                        <PropertyPath>BillingStatus</PropertyPath>
                        <PropertyPath>DeliveryStatus</PropertyPath>
                        <PropertyPath>OverallStatus</PropertyPath>
                    </Collection>
                </Annotation>
            </Annotations>
            <Annotations Target="ZCDS_SNWD_SO_CDS.ZCDS_SNWD_SO_ITEMType">
                <Annotation Term="UI.Identification">
                    <Collection>
                        <Record Type="UI.DataField">
                            <PropertyValue Property="Label" String="Sales Item"/>
                            <PropertyValue Property="Value" Path="SoItemPos"/>
                        </Record>
                        <Record Type="UI.DataField">
                            <PropertyValue Property="Label" String="Currency"/>
                            <PropertyValue Property="Value" Path="CurrencyCode"/>
                        </Record>
                        <Record Type="UI.DataField">
                            <PropertyValue Property="Label" String="Gross Amount"/>
                            <PropertyValue Property="Value" Path="GrossAmount"/>
                        </Record>
                        <Record Type="UI.DataField">
                            <PropertyValue Property="Label" String="Net Amount"/>
                            <PropertyValue Property="Value" Path="NetAmount"/>
                        </Record>
                        <Record Type="UI.DataField">
                            <PropertyValue Property="Label" String="Tax Amount"/>
                            <PropertyValue Property="Value" Path="TaxAmount"/>
                        </Record>
                    </Collection>
                </Annotation>
                <Annotation Term="UI.LineItem">
                    <Collection>
                        <Record Type="UI.DataField">
                            <PropertyValue Property="Label" String="Sales Item"/>
                            <PropertyValue Property="Value" Path="SoItemPos"/>
                        </Record>
                        <Record Type="UI.DataField">
                            <PropertyValue Property="Label" String="Currency"/>
                            <PropertyValue Property="Value" Path="CurrencyCode"/>
                        </Record>
                        <Record Type="UI.DataField">
                            <PropertyValue Property="Label" String="Gross Amount"/>
                            <PropertyValue Property="Value" Path="GrossAmount"/>
                        </Record>
                        <Record Type="UI.DataField">
                            <PropertyValue Property="Label" String="Net Amount"/>
                            <PropertyValue Property="Value" Path="NetAmount"/>
                        </Record>
                        <Record Type="UI.DataField">
                            <PropertyValue Property="Label" String="Tax Amount"/>
                            <PropertyValue Property="Value" Path="TaxAmount"/>
                        </Record>
                    </Collection>
                </Annotation>
            </Annotations>
        </Schema>
    </edmx:DataServices>
</edmx:Edmx>