{
  "projectType": [
    "sap.watt.saptoolsets.fiori.project.ui5template.smartProject",
    "sap.watt.uitools.ide.fiori",
    "com.watt.common.builder.sapui5clientbuild"
  ],
  "build": {
    "targetFolder": "dist",
    "sourceFolder": "webapp",
    "excludedFolders": [
      "test"
    ],
    "buildRequired": true,
    "lastBuildDateTime": "Fri, 17 Dec 2021 11:06:50 GMT"
  },
  "generation": [
    {
      "templateId": "ui5template.smartTemplateCommon",
      "templateVersion": "1.40.12",
      "dateTimeStamp": "Fri, 17 Dec 2021 10:43:52 GMT"
    },
    {
      "templateId": "ui5template.smartTemplate",
      "templateVersion": "1.40.12",
      "dateTimeStamp": "Fri, 17 Dec 2021 10:43:53 GMT"
    },
    {
      "templateId": "ui5template.listreportextension",
      "templateVersion": "1.0.0",
      "dateTimeStamp": "Fri, 17 Dec 2021 11:28:05 GMT"
    },
    {
      "templateId": "ui5template.objectpageextension",
      "templateVersion": "1.0.0",
      "dateTimeStamp": "Fri, 17 Dec 2021 11:59:09 GMT"
    }
  ],
  "mockpreview": {
    "mockUri": "/sap/opu/odata/sap/ZCDS_SNWD_SO_CDS",
    "metadataFilePath": "",
    "loadJSONFiles": false,
    "loadCustomRequests": false,
    "mockRequestsFilePath": ""
  },
  "translation": {
    "translationDomain": "",
    "supportedLanguages": "en,fr,de",
    "defaultLanguage": "en",
    "defaultI18NPropertyFile": "i18n.properties",
    "resourceModelName": "i18n"
  },
  "basevalidator": {
    "services": {
      "xml": "fioriXmlAnalysis",
      "js": "fioriJsValidator"
    }
  },
  "codeCheckingTriggers": {
    "notifyBeforePush": true,
    "notifyBeforePushLevel": "Error",
    "blockPush": false,
    "blockPushLevel": "Error"
  },
  "deploy": {
    "destination": "A4H",
    "name": "Z_SALES_LIST"
  }
}