<?xml version="1.0" encoding="utf-8"?>
<edmx:Edmx Version="1.0"
    xmlns:edmx="http://schemas.microsoft.com/ado/2007/06/edmx"
    xmlns:m="http://schemas.microsoft.com/ado/2007/08/dataservices/metadata"
    xmlns:sap="http://www.sap.com/Protocols/SAPData">
    <edmx:DataServices m:DataServiceVersion="2.0">
        <Schema Namespace="ZBG_EMPLOYEE_SRV" xml:lang="en" sap:schema-version="1"
            xmlns="http://schemas.microsoft.com/ado/2008/09/edm">
            <EntityType Name="EMPLOYE" sap:content-version="1">
                <Key>
                    <PropertyRef Name="Pernr"/>
                </Key>
                <Property Name="Gbdate" Type="Edm.DateTime" Nullable="false" Precision="7" sap:label="Date" sap:creatable="false" sap:updatable="false" sap:sortable="false" sap:filterable="false"/>
                <Property Name="EmpImage" Type="Edm.Binary" Nullable="false" sap:label="Employee Image" sap:creatable="false" sap:updatable="false" sap:sortable="false" sap:filterable="false"/>
                <Property Name="Pernr" Type="Edm.String" Nullable="false" MaxLength="8" sap:label="Personnel no." sap:creatable="false" sap:updatable="false" sap:sortable="false" sap:filterable="false"/>
                <Property Name="Ename" Type="Edm.String" Nullable="false" MaxLength="40" sap:label="Empl./appl.name" sap:creatable="false" sap:updatable="false" sap:sortable="false" sap:filterable="false"/>
                <Property Name="Persg" Type="Edm.String" Nullable="false" MaxLength="1" sap:label="EE group" sap:creatable="false" sap:updatable="false" sap:sortable="false" sap:filterable="false"/>
                <Property Name="Persk" Type="Edm.String" Nullable="false" MaxLength="2" sap:label="EE subgroup" sap:creatable="false" sap:updatable="false" sap:sortable="false" sap:filterable="false"/>
                <Property Name="Gender" Type="Edm.String" Nullable="false" MaxLength="1" sap:label="Gender" sap:creatable="false" sap:updatable="false" sap:sortable="false" sap:filterable="false"/>
                <Property Name="Anssa" Type="Edm.String" Nullable="false" MaxLength="4" sap:label="Address type" sap:creatable="false" sap:updatable="false" sap:sortable="false" sap:filterable="false"/>
                <Property Name="Name2" Type="Edm.String" Nullable="false" MaxLength="40" sap:label="Care Of" sap:creatable="false" sap:updatable="false" sap:sortable="false" sap:filterable="false"/>
                <Property Name="Stras" Type="Edm.String" Nullable="false" MaxLength="60" sap:label="Street/House" sap:creatable="false" sap:updatable="false" sap:sortable="false" sap:filterable="false"/>
                <Property Name="Ort01" Type="Edm.String" Nullable="false" MaxLength="40" sap:label="City" sap:creatable="false" sap:updatable="false" sap:sortable="false" sap:filterable="false"/>
                <Property Name="Ort02" Type="Edm.String" Nullable="false" MaxLength="40" sap:label="District" sap:creatable="false" sap:updatable="false" sap:sortable="false" sap:filterable="false"/>
                <Property Name="Pstlz" Type="Edm.String" Nullable="false" MaxLength="10" sap:label="P.Code/City" sap:creatable="false" sap:updatable="false" sap:sortable="false" sap:filterable="false"/>
                <Property Name="Land1" Type="Edm.String" Nullable="false" MaxLength="3" sap:label="Country" sap:creatable="false" sap:updatable="false" sap:sortable="false" sap:filterable="false"/>
                <Property Name="Telnr" Type="Edm.String" Nullable="false" MaxLength="14" sap:label="Telephone No." sap:creatable="false" sap:updatable="false" sap:sortable="false" sap:filterable="false"/>
                <Property Name="Email" Type="Edm.String" Nullable="false" MaxLength="50" sap:label="c" sap:creatable="false" sap:updatable="false" sap:sortable="false" sap:filterable="false"/>
                <NavigationProperty Name="IMAGE" Relationship="ZBG_EMPLOYEE_SRV.AssImage" FromRole="FromRole_AssImage" ToRole="ToRole_AssImage"/>
            </EntityType>
            <EntityType Name="EMPLOYEE_GROUP" sap:content-version="1">
                <Key>
                    <PropertyRef Name="Persg"/>
                </Key>
                <Property Name="Persg" Type="Edm.String" Nullable="false" MaxLength="1" sap:label="EE group" sap:creatable="false" sap:updatable="false" sap:sortable="false" sap:filterable="false"/>
                <Property Name="Ptext" Type="Edm.String" Nullable="false" MaxLength="20" sap:label="Name of EE grp" sap:creatable="false" sap:updatable="false" sap:sortable="false" sap:filterable="false"/>
            </EntityType>
            <EntityType Name="EMPLOYEE_SUB_GROUP" sap:content-version="1">
                <Key>
                    <PropertyRef Name="Persk"/>
                </Key>
                <Property Name="Persk" Type="Edm.String" Nullable="false" MaxLength="2" sap:label="EE subgroup" sap:creatable="false" sap:updatable="false" sap:sortable="false" sap:filterable="false"/>
                <Property Name="Ptext" Type="Edm.String" Nullable="false" MaxLength="20" sap:label="Name of EE SG" sap:creatable="false" sap:updatable="false" sap:sortable="false" sap:filterable="false"/>
            </EntityType>
            <EntityType Name="IMAGE" m:HasStream="true" sap:content-version="1">
                <Key>
                    <PropertyRef Name="Pernr"/>
                </Key>
                <Property Name="Pernr" Type="Edm.String" Nullable="false" MaxLength="8" sap:label="Personnel no." sap:creatable="false" sap:updatable="false" sap:sortable="false" sap:filterable="false"/>
                <Property Name="Mimetype" Type="Edm.String" Nullable="false" MaxLength="100" sap:label="Character 100" sap:creatable="false" sap:updatable="false" sap:sortable="false" sap:filterable="false"/>
                <Property Name="EmpImage" Type="Edm.Binary" Nullable="false" sap:label="Binary String" sap:creatable="false" sap:updatable="false" sap:sortable="false" sap:filterable="false"/>
                <Property Name="Filename" Type="Edm.String" Nullable="false" MaxLength="100" sap:label="Character 100" sap:creatable="false" sap:updatable="false" sap:sortable="false" sap:filterable="false"/>
            </EntityType>
            <Association Name="AssImage" sap:content-version="1">
                <End Type="ZBG_EMPLOYEE_SRV.EMPLOYE" Multiplicity="1" Role="FromRole_AssImage"/>
                <End Type="ZBG_EMPLOYEE_SRV.IMAGE" Multiplicity="*" Role="ToRole_AssImage"/>
                <ReferentialConstraint>
                    <Principal Role="FromRole_AssImage">
                        <PropertyRef Name="Pernr"/>
                    </Principal>
                    <Dependent Role="ToRole_AssImage">
                        <PropertyRef Name="Pernr"/>
                    </Dependent>
                </ReferentialConstraint>
            </Association>
            <EntityContainer Name="ZBG_EMPLOYEE_SRV_Entities" m:IsDefaultEntityContainer="true" sap:supported-formats="atom json xlsx">
                <EntitySet Name="EMPLOYEE_GROUPSet" EntityType="ZBG_EMPLOYEE_SRV.EMPLOYEE_GROUP" sap:creatable="false" sap:updatable="false" sap:deletable="false" sap:pageable="false" sap:content-version="1"/>
                <EntitySet Name="EMPLOYEE_SUB_GROUPSet" EntityType="ZBG_EMPLOYEE_SRV.EMPLOYEE_SUB_GROUP" sap:creatable="false" sap:updatable="false" sap:deletable="false" sap:pageable="false" sap:content-version="1"/>
                <EntitySet Name="IMAGESet" EntityType="ZBG_EMPLOYEE_SRV.IMAGE" sap:creatable="false" sap:updatable="false" sap:deletable="false" sap:pageable="false" sap:content-version="1"/>
                <EntitySet Name="EMPLOYESet" EntityType="ZBG_EMPLOYEE_SRV.EMPLOYE" sap:creatable="false" sap:updatable="false" sap:deletable="false" sap:pageable="false" sap:content-version="1"/>
                <AssociationSet Name="AssImageSet" Association="ZBG_EMPLOYEE_SRV.AssImage" sap:creatable="false" sap:updatable="false" sap:deletable="false" sap:content-version="1">
                    <End EntitySet="EMPLOYESet" Role="FromRole_AssImage"/>
                    <End EntitySet="IMAGESet" Role="ToRole_AssImage"/>
                </AssociationSet>
            </EntityContainer>
            <atom:link rel="self" href="http://localhost:8080/webidedispatcher/destinations/PED/sap/opu/odata/sap/ZBG_EMPLOYEE_SRV/$metadata"
                xmlns:atom="http://www.w3.org/2005/Atom"/>
                <atom:link rel="latest-version" href="http://localhost:8080/webidedispatcher/destinations/PED/sap/opu/odata/sap/ZBG_EMPLOYEE_SRV/$metadata"
                    xmlns:atom="http://www.w3.org/2005/Atom"/>
                </Schema>
            </edmx:DataServices>
        </edmx:Edmx>