{
  "dataBinding": {
    "/view/Master.view.xml": {
      "entitySet": "EMPLOYESet"
    },
    "/view/Detail.view.xml": {
      "entitySet": "EMPLOYESet"
    },
    "/view/NotFound.view.xml": {
      "entitySet": "UNBINDKEY"
    },
    "/view/App.view.xml": {
      "entitySet": "UNBINDKEY"
    },
    "/view/Image.view.xml": {
      "entitySet": "IMAGESet"
    }
  },
  "generation": [
    {
      "templateId": "ui5template.fioriMasterDetail",
      "templateVersion": "1.4.0",
      "dateTimeStamp": "Fri, 29 Jul 2016 05:12:31 GMT"
    },
    {
      "templateId": "ui5template.addSAPUI5SmartTemplatesComponent",
      "templateVersion": "1.0.0",
      "dateTimeStamp": "Mon, 01 Aug 2016 09:49:07 GMT"
    },
    {
      "templateId": "servicecatalog.connectivityComponent",
      "templateVersion": "1.0.0",
      "dateTimeStamp": "Mon, 01 Aug 2016 09:50:20 GMT"
    },
    {
      "templateId": "servicecatalog.connectivityComponent",
      "templateVersion": "1.0.0",
      "dateTimeStamp": "Mon, 01 Aug 2016 09:54:42 GMT"
    },
    {
      "templateId": "ui5template.basicSAPUI5ApplicationComponent",
      "templateVersion": "1.4.0",
      "dateTimeStamp": "Mon, 01 Aug 2016 09:55:18 GMT"
    }
  ],
  "mockpreview": {
    "mockUri": "/sap/opu/odata/sap/ZBG_EMPLOYEE_SRV",
    "metadataFilePath": "",
    "loadJSONFiles": false,
    "loadCustomRequests": false,
    "mockRequestsFilePath": ""
  },
  "translation": {
    "translationDomain": "",
    "supportedLanguages": "en,fr,de",
    "defaultLanguage": "en",
    "defaultI18NPropertyFile": "i18n.properties",
    "resourceModelName": "i18n"
  },
  "deploy": {
    "destination": "PED",
    "name": "ZEMPLOYEE_CRUD"
  }
}