{
  "run": [
    {
      "filePath": "/ZEMPLOYEE_CRUD/index.html",
      "previewMode": 0,
      "dataMode": 1,
      "workspace": "withoutWorkspace",
      "ui5ActiveVersion": null,
      "ui5VerSource": null,
      "isDefaultVersion": 0,
      "urlParameters": [],
      "_metadata": {
        "runnerId": "webapprunner",
        "id": 2330761,
        "displayName": "New Web Application 1"
      }
    },
    {
      "filePath": "/ZEMPLOYEE_CRUD/Component.js",
      "previewMode": 0,
      "dataMode": 1,
      "workspace": "withoutWorkspace",
      "ui5ActiveVersion": null,
      "ui5VerSource": null,
      "isDefaultVersion": 0,
      "urlParameters": [],
      "_metadata": {
        "runnerId": "fiorirunner",
        "id": 5549736,
        "displayName": "New SAP Fiori Component on Sandbox"
      }
    },
    {
      "filePath": "/index.html",
      "previewMode": 1,
      "dataMode": 1,
      "workspace": "withoutWorkspace",
      "ui5ActiveVersion": null,
      "ui5VerSource": null,
      "isDefaultVersion": 0,
      "urlParameters": [],
      "hashParameter": "",
      "backendSystem": [],
      "_metadata": {
        "runnerId": "webapprunner",
        "id": 2954449,
        "displayName": "Run index.html",
        "lastRunTimeStamp": 1470030407501,
        "hasIssues": true
      }
    },
    {
      "filePath": "/Employee_CRUD/index.html",
      "previewMode": 0,
      "dataMode": 1,
      "workspace": "withoutWorkspace",
      "ui5ActiveVersion": null,
      "ui5VerSource": null,
      "isDefaultVersion": 0,
      "urlParameters": [],
      "_metadata": {
        "runnerId": "webapprunner",
        "id": 7827978,
        "displayName": "New Web Application"
      }
    }
  ]
}