{
  "Component.js": "1470048460565",
  "css/style.css": "1470044096557",
  "i18n/messageBundle.properties": "1470044096542",
  "index.html": "1470044096535",
  "localIndex.html": "1470044096527",
  "model/metadata.xml": "1470045282985",
  "MyRouter.js": "1470044096473",
  "view/App.controller.js": "1470044096552",
  "view/App.view.xml": "1470044096566",
  "view/Detail.controller.js": "1470044096568",
  "view/Detail.view.xml": "1470045487845",
  "view/Image.controller.js": "1470045317998",
  "view/Image.view.xml": "1470045402820",
  "view/Master.controller.js": "1470044096608",
  "view/Master.view.xml": "1470044096618",
  "view/NotFound.controller.js": "1470044096629",
  "view/NotFound.view.xml": "1470044096636"
}